Blinded ID,CHROM,POS,REF,ALT,Ensemble_GENEID,Gene,Variant Class,AA_change,RadialSVM_score,RadialSVM_pred,ExAC_Overall,HHE Rank,pLI Score
11008,16,16230394,G,A,ENSG00000103222,ABCC1,syn,p.S1395S,.,.,0.0000249,37.1,0.02
13621,16,16272712,G,A,ENSG00000091262,ABCC6,syn,p.H786H,.,.,2.49E-05,10.3,0.0
SSC05425,20,62493472,C,T,ENSG00000183260,ABHD16B,syn,p.L193L,.,.,.,22.0,0.03
14376,11,34186241,G,A,ENSG00000166016,ABTB2,syn,p.H660H,.,.,0.0002,64.2,0.12
14084,17,48551595,T,C,ENSG00000167107,ACSF2,syn,p.F613F,.,.,.,51.6,0.08
11404,16,89212368,G,A,ENSG00000176715,ACSF3,syn,p.P508P,-0.858,T,1.65E-05,52.0,0.0
14219,12,7480936,C,T,ENSG00000215009,ACSM4,syn,p.N570N,.,.,0.0001,9.5,0.0
SSC08067,5,178541309,G,A,ENSG00000087116,ADAMTS2,syn,p.G1065G,.,.,3.52E-05,41.2,0.99
11052,9,18889720,G,A,ENSG00000178031,ADAMTSL1,syn,p.A1539A,.,.,0.0008,51.7,0.0
13898,1,227170416,C,T,ENSG00000163050,ADCK3,syn,p.F297F,.,.,0.0002,52.5,0.0
13214,11,67046915,G,A,ENSG00000173020,ADRBK1,syn,p.T97T,.,.,.,79.2,1.0
14397,7,150839300,C,T,ENSG00000133612,AGAP3,syn,p.T670T,-0.906,T,8.32E-05,69.8,0.99
13317,11,62298211,C,T,ENSG00000124942,AHNAK,syn,p.V1226V,.,.,.,95.7,0.34
12602,14,105420921,G,A,ENSG00000185567,AHNAK2,syn,p.D289D,.,.,8.77E-06,35.2,
11330,1,19638385,G,A,ENSG00000053371,AKR7A2,syn,p.S78S,-0.924,T,.,57.7,0.0
14227,3,105266019,G,A,ENSG00000170017,ALCAM,syn,p.P377P,-0.943,T,.,78.8,0.99
13154,10,97402824,C,T,ENSG00000059573,ALDH18A1,syn,p.K76K,.,.,.,84.2,0.86
SSC07021,9,38396804,G,A,ENSG00000137124,ALDH1B1,syn,p.E353E,.,.,.,96.9,0.0
14404,X,109560949,T,C,ENSG00000101935,AMMECR1,syn,p.S117S,.,.,2.23E-05,83.3,0.91
14367,4,114275804,C,A,ENSG00000145362,ANK2,syn,p.L2010L,.,.,.,72.8,1.0
14350,17,4077295,A,G,ENSG00000185722,ANKFY1,syn,p.H945H,.,.,.,82.3,0.99
11946,2,241421602,C,G,ENSG00000144504,ANKMY1,syn,p.G648G,.,.,.,20.0,0.0
SSC06977,16,89351414,G,A,ENSG00000167522,ANKRD11,syn,p.P512P,.,.,1.66E-05,97.2,1.0
11172,10,27389202,C,T,ENSG00000107890,ANKRD26,syn,p.R18R,.,.,.,48.2,0.0
11638,7,150553909,G,T,ENSG00000002726,AOC1,syn,p.G117G,.,.,.,16.8,0.0
SSC06180,7,4827800,A,C,ENSG00000242802,AP5Z1,syn,p.A490A,.,.,.,45.5,
12492,2,21230848,A,G,ENSG00000084674,APOB,syn,p.N2964N,.,.,.,22.4,0.0
13497,22,39448270,C,T,ENSG00000128394,APOBEC3F,syn,p.R305R,.,.,.,,
13966,22,36054722,C,T,ENSG00000221963,APOL6,syn,p.P37P,.,.,8.33E-06,25.1,0.0
11450,X,66943674,C,T,ENSG00000169083,AR,syn,p.H386H,.,.,.,24.3,0.99
14349,15,32917284,C,G,ENSG00000198826,ARHGAP11A,syn,p.S185S,.,.,.,,
11216,17,12888035,A,G,ENSG00000006740,ARHGAP44,syn,p.A709A,.,.,.,73.5,1.0
14064,1,17964465,G,A,ENSG00000074964,ARHGEF10L,syn,p.T670T,.,.,0.00002012,56.4,0.04
14309,1,16525646,G,A,ENSG00000142632,ARHGEF19,syn,p.D750D,.,.,8.24E-06,24.6,0.0
14358,3,57069148,G,A,ENSG00000163947,ARHGEF3,syn,p.C10C,.,.,.,52.9,0.99
11773,15,74883947,T,G,ENSG00000179361,ARID3B,syn,p.A404A,.,.,.,53.7,0.96
14456,9,34621479,C,G,ENSG00000205143,ARID3C,syn,p.G405G,.,.,.,11.1,0.0
SSC07864,11,74985153,G,C,ENSG00000137486,ARRB1,syn,p.L293L,-0.72,T,4.94E-05,75.9,0.99
11436,2,25966875,G,T,ENSG00000143970,ASXL2,syn,p.P777P,.,.,.,75.8,0.99
13932,11,64681310,G,A,ENSG00000110046,ATG2A,syn,p.V191V,.,.,1.66E-05,68.1,1.0
12197,11,64678411,G,A,ENSG00000110046,ATG2A,syn,p.A494A,-0.801,T,2.61E-05,68.1,1.0
14081,5,160097541,G,A,ENSG00000118322,ATP10B,syn,p.L202L,.,.,.,16.6,0.0
12602,3,194151881,T,C,ENSG00000133657,ATP13A3,syn,p.G832G,.,.,.,74.3,1.0
12375,X,119513369,C,T,ENSG00000101892,ATP1B4,syn,p.D314D,.,.,3.45E-05,19.7,0.0
14623,18,55342229,A,G,ENSG00000081923,ATP8B1,syn,p.S552S,.,.,.,31.4,0.0
14086,2,62449634,G,C,ENSG00000170340,B3GNT2,syn,p.L93L,.,.,.,74.8,0.7
14339,8,143625685,G,A,ENSG00000181790,BAI1,syn,p.S1554S,.,.,.,20.0,1.0
13390,1,32207262,G,A,ENSG00000121753,BAI2,syn,p.G550G,.,.,5.78E-05,65.6,1.0
11986,3,52440386,G,C,ENSG00000163930,BAP1,syn,p.P222P,.,.,.,82.3,0.39
11696,14,35227958,T,C,ENSG00000198604,BAZ1A,syn,p.V1446V,.,.,.,65.5,1.0
14011,2,160289731,G,A,ENSG00000123636,BAZ2B,syn,p.H479H,.,.,.,89.3,1.0
12578,19,45322090,C,G,ENSG00000187244,BCAM,syn,p.P429P,.,.,.,97.8,0.04
12154,16,75268811,C,T,ENSG00000050820,BCAR1,syn,p.E514E,.,.,9.15E-06,82.6,0.99
SSC06491,12,122481895,C,T,ENSG00000110987,BCL7A,syn,p.S125S,.,.,0.0002,78.6,0.22
14044,5,70805340,A,G,ENSG00000145734,BDP1,syn,p.L807L,.,.,8.48E-06,62.3,0.0
13574,4,13602068,G,A,ENSG00000038219,BOD1L1,syn,p.F2152F,.,.,2.47E-05,89.3,1.0
13973,17,41228603,T,C,ENSG00000012048,BRCA1,syn,p.E1483E,-1.017,T,.,53.6,0.0
SSC06253,10,50916480,G,A,ENSG00000178645,C10orf53,syn,p.P97P,.,.,4.12E-05,10.3,0.0
SSC04994,11,8942971,G,T,ENSG00000176029,C11orf16,syn,p.V432V,.,.,.,16.4,0.0
13875,11,63594590,G,A,ENSG00000168005,C11orf84,syn,p.P375P,.,.,2.50E-05,66.8,0.47
12032,12,53693554,G,A,ENSG00000139637,C12orf10,syn,p.T11T,.,.,.,65.3,0.0
14402,12,4609424,C,T,ENSG00000047621,C12orf4,syn,p.S440S,.,.,4.95E-05,43.6,0.0
14533,12,40037634,A,G,ENSG00000180116,C12orf40,syn,p.L39L,.,.,.,,
12407,17,42225873,C,T,ENSG00000125319,C17orf53,syn,p.I234I,.,.,.,44.9,0.0
SSC08072,19,40834354,G,A,ENSG00000160392,C19orf47,syn,p.S135S,.,.,.,66.9,0.8
12201,1,75055310,C,T,ENSG00000178965,C1orf173,syn,p.K530K,.,.,.,21.8,0.0
11405,20,31041466,A,G,ENSG00000197183,C20orf112,syn,p.D406D,.,.,1.92E-05,81.6,0.97
13053,5,134782091,G,A,ENSG00000251380,C5orf20,syn,p.H236H,.,.,8.47E-06,,
SSC07534,5,37169475,T,C,ENSG00000197603,C5orf42,syn,p.K2217K,.,.,.,62.5,0.0
13071,7,6639797,C,T,ENSG00000146576,C7orf26,syn,p.T209T,.,.,9.91E-05,52.8,0.83
13619,9,135357714,G,A,ENSG00000188523,C9orf171,syn,p.S71S,.,.,6.59E-05,25.3,0.0
11645,9,135418362,G,C,ENSG00000188523,C9orf171,syn,p.R256R,.,.,.,25.3,0.0
11239,9,97522302,C,T,ENSG00000148120,C9orf3,syn,p.P79P,.,.,.,53.6,0.0
13560,9,97563096,C,T,ENSG00000148120,C9orf3,syn,p.A392A,.,.,8.24E-06,53.6,0.0
12457,12,49221409,C,A,ENSG00000167535,CACNB3,syn,p.P381P,.,.,0.0001,58.0,0.05
13816,2,27440755,C,T,ENSG00000084774,CAD,syn,p.T31T,.,.,8.63E-06,85.9,1.0
11178,1,200811145,G,A,ENSG00000118200,CAMSAP2,syn,p.A328A,.,.,7.41E-05,76.5,1.0
11724,17,78165211,G,A,ENSG00000141527,CARD14,syn,p.T393T,.,.,2.49E-05,38.2,0.0
12540,3,121976036,T,C,ENSG00000036828,CASR,syn,p.F98F,.,.,.,21.4,0.37
14669,16,88947174,C,T,ENSG00000129993,CBFA2T3,syn,p.P475P,.,.,3.25E-05,59.2,0.45
13864,22,21988673,A,C,ENSG00000161180,CCDC116,syn,p.G145G,.,.,.,24.4,0.0
SSC06284,1,3679713,C,T,ENSG00000162592,CCDC27,syn,p.P332P,.,.,6.30E-05,27.8,0.0
11077,5,162869089,C,A,ENSG00000113328,CCNG1,syn,p.I212I,.,.,.,92.9,0.36
14068,11,35211584,C,T,ENSG00000026508,CD44,syn,p.T213T,-1.067,T,1.65E-05,73.6,0.01
13287,11,64593981,G,A,ENSG00000171219,CDC42BPG,syn,p.C1520C,.,.,.,63.3,0.0
14412,10,73461916,C,T,ENSG00000107736,CDH23,syn,p.P845P,.,.,2.49E-05,22.5,0.05
14301,19,42187993,C,T,ENSG00000007306,CEACAM7,syn,p.S143S,.,.,6.60E-05,34.6,0.0
14011,10,11330451,C,T,ENSG00000048740,CELF2,syn,p.A304A,.,.,.,92.9,1.0
13271,6,126661434,C,T,ENSG00000203760,CENPW,syn,p.T5T,.,.,.,68.1,0.5
14435,1,3732035,G,A,ENSG00000116198,CEP104,syn,p.A903A,.,.,1.78E-05,54.7,0.0
12361,4,110681734,T,C,ENSG00000205403,CFI,syn,p.K239K,.,.,.,38.2,0.0
11622,1,151496789,G,A,ENSG00000143375,CGN,syn,p.L452L,.,.,.,41.9,0.0
14212,10,50835752,C,T,ENSG00000070748,CHAT,syn,p.D226D,.,.,5.77E-05,12.5,0.01
14237,8,61778300,C,T,ENSG00000171316,CHD7,syn,p.S2934S,.,.,2.49E-05,93.4,1.0
SSC07996,4,40356093,G,A,ENSG00000174343,CHRNA9,syn,p.P332P,.,.,.,10.3,0.0
12617,1,153617559,G,A,ENSG00000160679,CHTOP,syn,p.R187R,.,.,8.28E-06,91.1,1.0
11564,7,90042608,C,T,ENSG00000157224,CLDN12,syn,p.F206F,.,.,.,51.1,0.1
11519,16,78064576,C,G,ENSG00000166509,CLEC3A,syn,p.V153V,.,.,.,9.5,0.0
14459,2,71043828,A,G,ENSG00000152672,CLEC4F,syn,p.L229L,.,.,.,11.1,0.0
SSC08095,7,73731975,G,A,ENSG00000106665,CLIP2,syn,p.A33A,.,.,9.81E-05,59.2,1.0
14371,9,117005834,C,T,ENSG00000196739,COL27A1,syn,p.G976G,.,.,9.35E-05,55.1,1.0
SSC06295,2,227924239,C,T,ENSG00000081052,COL4A4,syn,p.Q755Q,.,.,.,31.1,0.0
12598,2,62132948,C,T,ENSG00000173163,COMMD1,syn,p.P45P,.,.,.,80.7,0.37
14478,2,207834058,G,A,ENSG00000144410,CPO,syn,p.L341L,.,.,.,,
SSC06977,8,145625878,G,A,ENSG00000071894,CPSF1,syn,p.A232A,.,.,0.0005,84.8,0.0
SSC06007,4,8608565,G,A,ENSG00000109625,CPZ,syn,p.A199A,.,.,.,43.6,0.0
14559,19,18870899,G,C,ENSG00000105662,CRTC1,syn,p.L265L,.,.,.,77.0,0.98
12994,X,100081664,T,A,ENSG00000101811,CSTF2,syn,p.A248A,.,.,.,75.7,0.31
11160,18,19996992,C,T,ENSG00000212710,CTAGE1,syn,p.L261L,.,.,.,68.7,0.0
SSC06707,7,87514407,A,G,ENSG00000006634,DBF4,syn,p.A111A,.,.,.,65.7,1.0
13028,7,44099712,G,A,ENSG00000136279,DBNL,syn,p.G372G,-1.063,T,.,84.8,0.07
14216,14,73418524,C,T,ENSG00000119599,DCAF4,syn,p.L249L,.,.,8.24E-06,54.4,0.0
13073,6,30866802,C,T,ENSG00000204580,DDR1,syn,p.D863D,-0.981,T,.,96.9,0.03
SSC05257,8,142146850,C,T,ENSG00000105339,DENND3,syn,p.G35G,-0.833,T,4.09E-05,37.7,0.02
13946,9,19346145,C,G,ENSG00000137145,DENND4C,syn,p.A1077A,.,.,.,62.5,0.41
13814,13,60737781,G,A,ENSG00000139734,DIAPH3,syn,p.G40G,.,.,.,68.0,0.0
11601,2,189599591,G,A,ENSG00000174325,DIRC1,syn,p.D19D,.,.,.,,
13894,1,223164906,A,G,ENSG00000154309,DISP1,syn,p.T236T,.,.,2.48E-05,60.7,0.0
14612,1,223176218,C,T,ENSG00000154309,DISP1,syn,p.H493H,.,.,.,60.7,0.0
11564,12,124281223,C,A,ENSG00000197653,DNAH10,syn,p.I551I,.,.,.,22.3,0.0
11442,16,21038393,G,A,ENSG00000158486,DNAH3,syn,p.F1832F,.,.,.,13.6,0.0
11011,19,2210658,C,T,ENSG00000104885,DOT1L,syn,p.T385T,-0.998,T,6.69E-05,92.3,1.0
14304,19,4702679,G,A,ENSG00000142002,DPP9,syn,p.F273F,.,.,.,70.7,1.0
12056,5,174869392,G,A,ENSG00000184845,DRD1,syn,p.H237H,.,.,8.24E-06,14.2,0.9
14366,11,117387216,G,A,ENSG00000177103,DSCAML1,syn,p.L643L,.,.,.,9.5,1.0
14313,8,29194657,G,A,ENSG00000120875,DUSP4,syn,p.P266P,.,.,2.19E-05,43.7,0.54
14201,3,172504293,G,A,ENSG00000114346,ECT2,syn,p.K581K,.,.,.,79.9,0.0
14052,11,64622147,C,T,ENSG00000110047,EHD1,syn,p.P421P,.,.,8.29E-06,87.3,0.89
11718,15,40309416,C,T,ENSG00000128829,EIF2AK4,syn,p.L1346L,.,.,1.66E-05,56.5,0.0
11441,10,120818850,A,G,ENSG00000107581,EIF3A,syn,p.T501T,.,.,.,99.0,1.0
SSC04994,3,184040629,C,T,ENSG00000114867,EIF4G1,syn,p.L613L,.,.,.,99.1,1.0
13922,15,44066864,C,T,ENSG00000128886,ELL3,syn,p.E251E,.,.,8.24E-06,21.0,0.0
14125,19,46130047,A,G,ENSG00000125746,EML2,syn,p.T366T,.,.,.,88.8,0.0
13375,4,185012498,C,T,ENSG00000164303,ENPP6,syn,p.S385S,.,.,5.00E-05,32.0,0.0
12492,12,56530599,A,G,ENSG00000139641,ESYT1,syn,p.P568P,.,.,.,72.9,0.0
12163,6,159190969,C,T,ENSG00000092820,EZR,syn,p.S366S,.,.,4.99E-05,93.7,0.99
11937,5,153390810,T,C,ENSG00000055147,FAM114A2,syn,p.K328K,.,.,.,86.4,0.0
12492,10,74968485,C,T,ENSG00000138286,FAM149B1,syn,p.D217D,-1.009,T,.,58.4,
11892,6,119341251,C,T,ENSG00000111879,FAM184A,syn,p.S408S,.,.,.,39.6,0.0
12240,10,5791978,T,C,ENSG00000108021,FAM208B,syn,p.F2198F,.,.,2.63E-05,67.8,0.97
14538,1,179013336,G,A,ENSG00000116199,FAM20B,syn,p.Q118Q,.,.,.,82.5,0.29
14291,7,295876,C,T,ENSG00000177706,FAM20C,syn,p.C378C,.,.,5.93E-05,57.4,0.59
SSC07948,6,116833069,C,T,ENSG00000178033,FAM26E,syn,p.N70N,.,.,.,27.5,0.0
12636,11,71504428,C,T,ENSG00000158483,FAM86C1,syn,p.H54H,.,.,0.0001,55.6,0.0
12019,9,35074147,A,C,ENSG00000221829,FANCG,syn,p.L609L,.,.,.,48.0,0.0
14149,19,13035529,G,T,ENSG00000179115,FARSA,syn,p.I373I,.,.,.,71.8,0.0
14224,4,187517848,G,A,ENSG00000083857,FAT1,syn,p.P4282P,.,.,.,93.9,0.0
11679,3,13679290,C,G,ENSG00000163520,FBLN2,syn,p.V1189V,.,.,.,79.1,0.63
12869,17,18673252,C,T,ENSG00000171931,FBXW10,syn,p.D620D,.,.,0.00003295,36.5,
12434,7,121943850,A,C,ENSG00000128610,FEZF1,syn,p.S164S,.,.,8.25E-06,0.0,0.3
12922,16,2983799,T,C,ENSG00000059122,FLYWCH1,syn,p.A443A,.,.,3.34E-05,70.1,
11121,2,216246987,A,G,ENSG00000115414,FN1,syn,p.Y1704Y,.,.,.,99.7,0.06
11028,5,72744089,C,T,ENSG00000251493,FOXD1,syn,p.E33E,.,.,.,,
11937,12,8200722,G,A,ENSG00000065970,FOXJ2,syn,p.A354A,.,.,1.67E-05,70.4,1.0
12274,13,39452380,T,C,ENSG00000150893,FREM2,syn,p.V2927V,.,.,.,81.2,0.0
13882,16,53967983,C,T,ENSG00000140718,FTO,syn,p.L442L,.,.,.,89.0,0.01
14282,1,89521714,C,T,ENSG00000117228,GBP1,syn,p.P451P,.,.,.,,
13544,15,41059454,C,T,ENSG00000137880,GCHFR,syn,p.R54R,.,.,.,53.2,0.04
14453,6,10586330,G,T,ENSG00000111846,GCNT2,syn,p.L36L,.,.,.,42.8,0.02
12184,7,933568,C,T,ENSG00000239857,GET4,syn,p.G285G,.,.,7.13E-05,74.7,0.97
SSC08134,17,61958036,C,G,ENSG00000136487,GH2,syn,p.A184A,.,.,2.47E-05,0.0,0.0
SSC06716,2,241405043,C,T,ENSG00000063660,GPC1,syn,p.N474N,.,.,.,95.8,0.11
SSC08440,12,110893676,G,T,ENSG00000111231,GPN3,syn,p.V170V,.,.,.,62.0,0.0
12492,12,131466436,G,A,ENSG00000111452,GPR133,syn,p.T106T,.,.,.,38.4,0.37
14219,2,131487138,C,T,ENSG00000173302,GPR148,syn,p.S138S,.,.,.,,
11721,3,119886113,C,T,ENSG00000175697,GPR156,syn,p.L737L,.,.,.,23.8,0.0
12231,17,36484829,C,T,ENSG00000188888,GPR179,syn,p.T1541T,.,.,2.48E-05,26.9,0.0
14373,2,241569630,G,A,ENSG00000178623,GPR35,syn,p.P118P,.,.,9.83E-05,21.3,0.0
14440,5,90136430,C,A,ENSG00000164199,GPR98,syn,p.I5549I,.,.,.,33.5,0.0
SSC05680,5,153085382,G,A,ENSG00000155511,GRIA1,syn,p.P431P,.,.,.,51.9,1.0
14118,4,3029661,C,T,ENSG00000125388,GRK4,syn,p.L331L,.,.,4.12E-05,31.6,0.0
11374,10,121201577,G,A,ENSG00000198873,GRK5,syn,p.R345Q,-1.018,T,.,48.5,0.98
14058,16,11980777,G,A,ENSG00000103342,GSPT1,syn,p.A323A,.,.,.,91.0,0.95
13841,9,135927515,G,A,ENSG00000148308,GTF3C5,syn,p.K279K,-0.676,T,5.80E-05,76.4,0.0
13498,7,65444785,G,A,ENSG00000169919,GUSB,syn,p.I170I,.,.,8.27E-06,72.9,0.0
14283,8,122641512,G,C,ENSG00000170961,HAS2,syn,p.L23L,.,.,.,30.9,0.99
11469,15,28514517,A,C,ENSG00000128731,HERC2,syn,p.G441G,.,.,.,76.8,1.0
13619,17,43246906,C,T,ENSG00000168517,HEXIM2,syn,p.Y197Y,.,.,0.0002,36.2,0.37
12795,14,100129315,C,T,ENSG00000182218,HHIPL1,syn,p.N535N,.,.,2.50E-05,30.1,0.0
11040,17,72954572,A,T,ENSG00000167861,HID1,syn,p.S414S,.,.,.,50.3,0.47
13300,6,55364049,C,A,ENSG00000146151,HMGCLL1,syn,p.P227P,.,.,0.0004,29.9,0.0
SSC05959,4,83277730,G,A,ENSG00000138668,HNRNPD,syn,p.Y320Y,.,.,8.24E-06,98.0,0.96
13602,2,177017407,C,T,ENSG00000170166,HOXD4,syn,p.L169L,.,.,.,24.5,0.17
13355,6,82950117,G,A,ENSG00000005700,IBTK,syn,p.S29S,.,.,8.24E-06,73.4,0.9
14385,1,79102731,A,G,ENSG00000137959,IFI44L,syn,p.K297K,.,.,.,17.7,0.0
11800,10,91144012,T,C,ENSG00000204010,IFIT1B,syn,p.D314D,.,.,.,29.8,0.0
13867,19,39789132,G,A,ENSG00000182393,IFNL1,syn,p.T193T,.,.,0.00004119,0.0,0.0
12299,3,107910424,G,A,ENSG00000114446,IFT57,syn,p.L241L,.,.,.,58.5,0.0
13752,11,68678912,G,A,ENSG00000132740,IGHMBP2,syn,p.P184P,-0.831,T,.,42.3,0.0
SSC07537,3,136699372,C,G,ENSG00000174564,IL20RB,syn,p.L51L,.,.,.,27.4,0.0
13962,1,24460746,G,A,ENSG00000142677,IL22RA1,syn,p.D162D,.,.,.,0.0,0.06
12643,8,79650841,G,C,ENSG00000104432,IL7,syn,p.R86R,.,.,.,0.0,0.88
14507,2,99198078,C,T,ENSG00000040933,INPP4A,syn,p.S908S,.,.,3.85E-05,68.7,0.99
SSC08087,11,15222447,G,A,ENSG00000188487,INSC,syn,p.T292T,.,.,9.35E-06,35.4,0.0
SSC06964,15,78770676,C,T,ENSG00000136381,IREB2,syn,p.Y411Y,.,.,8.25E-06,81.1,1.0
14092,4,185350213,C,T,ENSG00000168310,IRF2,syn,p.P2P,.,.,1.65E-05,57.6,0.38
11016,15,74427159,G,A,ENSG00000167178,ISLR2,syn,p.G688G,.,.,.,15.2,
14557,16,30529129,C,T,ENSG00000005844,ITGAL,syn,p.P1015P,.,.,9.89E-05,31.9,0.43
14076,16,31338218,C,T,ENSG00000169896,ITGAM,syn,p.S891S,.,.,8.28E-06,48.0,0.0
SSC06602,2,187495573,T,C,ENSG00000138448,ITGAV,syn,p.I191I,.,.,.,76.3,0.48
SSC06648,2,187511588,C,T,ENSG00000138448,ITGAV,syn,p.D445D,.,.,.,76.3,0.48
13647,3,4712605,C,T,ENSG00000150995,ITPR1,syn,p.Y733Y,.,.,.,78.4,1.0
13256,19,2099023,G,A,ENSG00000099840,IZUMO4,syn,p.P201P,.,.,0.0002,43.0,0.0
11382,9,712392,G,C,ENSG00000107104,KANK1,syn,p.V542V,.,.,.,87.2,
11382,9,713253,T,C,ENSG00000107104,KANK1,syn,p.R829R,.,.,.,87.2,
13895,17,61611627,C,T,ENSG00000173826,KCNH6,syn,p.A352A,.,.,7.43E-05,23.6,0.0
11186,17,73488677,C,T,ENSG00000177728,KIAA0195,syn,p.S573S,.,.,.,94.8,0.0
14046,4,6826252,T,C,ENSG00000170871,KIAA0232,syn,p.P24P,.,.,.,81.2,0.99
11115,5,93800575,T,G,ENSG00000185261,KIAA0825,syn,p.R688R,.,.,.,40.0,0.0
SSC07538,15,79748933,G,T,ENSG00000169330,KIAA1024,syn,p.R148R,.,.,.,12.8,0.0
11395,10,30336661,G,A,ENSG00000165757,KIAA1462,syn,p.P27P,.,.,.,77.6,0.1
12568,9,5922999,G,A,ENSG00000183354,KIAA2026,syn,p.L999L,.,.,.,75.1,
11797,1,200578018,A,G,ENSG00000118193,KIF14,syn,p.Y498Y,.,.,.,52.9,0.0
13048,20,16254045,C,T,ENSG00000089177,KIF16B,syn,p.R1269R,.,.,.,73.4,0.0
14070,9,34297077,C,T,ENSG00000186638,KIF24,syn,p.A283A,.,.,0.0001,40.5,0.0
14421,16,57832000,C,A,ENSG00000140859,KIFC3,syn,p.P52P,.,.,.,50.5,0.47
14537,1,158045967,G,A,ENSG00000183853,KIRREL,syn,p.V39V,.,.,.,86.1,0.96
12931,17,40011108,T,C,ENSG00000178502,KLHL11,syn,p.Q337Q,.,.,8.24E-06,39.5,0.05
11376,1,202894182,A,G,ENSG00000117153,KLHL12,syn,p.L37L,.,.,.,52.4,0.01
11986,7,23213683,G,A,ENSG00000122550,KLHL7,syn,p.K461K,.,.,.,83.2,0.0
13858,7,151917816,T,C,ENSG00000055609,KMT2C,syn,p.P1168P,.,.,.,80.0,1.0
SSC05548,12,49446002,C,T,ENSG00000167548,KMT2D,syn,p.P488P,.,.,7.48E-05,96.8,1.0
11334,7,104748195,A,C,ENSG00000005483,KMT2E,syn,p.G1097G,.,.,.,94.7,1.0
13820,17,39021175,G,A,ENSG00000187242,KRT12,syn,p.A230A,.,.,9.06E-05,9.5,0.0
14151,17,38928009,G,A,ENSG00000186393,KRT26,syn,p.Y119Y,.,.,6.59E-05,0.0,0.0
SSC06334,17,39118798,C,T,ENSG00000196859,KRT39,syn,p.Q242Q,.,.,.,0.0,0.0
14003,12,52826920,A,G,ENSG00000170454,KRT75,syn,p.S205S,.,.,.,16.9,0.0
11982,12,52713017,C,T,ENSG00000170523,KRT83,syn,p.E172E,.,.,8.24E-06,13.3,0.0
13498,12,52713014,G,A,ENSG00000170523,KRT83,syn,p.C173C,.,.,.,13.3,0.0
12853,6,112437117,G,A,ENSG00000112769,LAMA4,syn,p.H1680H,.,.,3.30E-05,97.0,0.0
13226,20,60908254,G,A,ENSG00000130702,LAMA5,syn,p.A1058A,.,.,2.06E-05,96.6,0.94
13966,2,136567088,C,T,ENSG00000115850,LCT,syn,p.V943V,.,.,.,13.6,0.06
14675,15,66845469,C,T,ENSG00000188501,LCTL,syn,p.T350T,.,.,1.65E-05,37.5,0.0
12955,19,40097902,C,A,ENSG00000105198,LGALS13,syn,p.R115R,.,.,.,,
11440,15,58834106,C,T,ENSG00000166035,LIPC,syn,p.I132I,.,.,3.56E-05,17.1,0.0
11838,19,42910539,G,A,ENSG00000079435,LIPE,syn,p.G713G,.,.,8.43E-06,48.0,0.0
11144,19,42911465,G,A,ENSG00000079435,LIPE,syn,p.Y666Y,.,.,0.0001,48.0,0.0
11264,19,49012757,G,T,ENSG00000142235,LMTK3,syn,p.P154P,.,.,.,33.5,
11146,4,151793883,C,T,ENSG00000198589,LRBA,syn,p.S730S,.,.,0.000008247,52.8,0.04
14261,3,197544071,G,A,ENSG00000186001,LRCH3,syn,p.P144P,.,.,1.65E-05,73.3,0.0
14241,19,18507054,G,A,ENSG00000175489,LRRC25,syn,p.P240P,.,.,1.66E-05,25.5,0.94
11568,7,150034256,C,T,ENSG00000127399,LRRC61,syn,p.L102L,.,.,0.000008338,53.7,0.01
12072,11,71818988,G,T,ENSG00000184154,LRTOMT,syn,p.L86L,.,.,.,30.8,0.01
13772,6,5216965,A,G,ENSG00000214113,LYRM4,syn,p.Y31Y,.,.,2.49E-05,64.1,0.04
SSC08114,1,39919462,C,T,ENSG00000127603,MACF1,syn,p.H4883H,-0.696,T,.,97.9,1.0
13910,15,23890135,G,A,ENSG00000254585,MAGEL2,syn,p.L919L,.,.,.,26.7,0.92
11355,3,47957817,C,T,ENSG00000047849,MAP4,syn,p.V500V,.,.,.,97.8,1.0
14403,3,47917385,C,T,ENSG00000047849,MAP4,syn,p.L704L,-0.919,T,.,97.8,1.0
11263,16,1816794,C,T,ENSG00000138834,MAPK8IP3,syn,p.L1003L,.,.,.,94.0,1.0
13053,18,13826007,G,A,ENSG00000176136,MC5R,syn,p.A81A,.,.,8.24E-06,15.2,0.0
14363,5,112389551,G,A,ENSG00000171444,MCC,syn,p.V773V,.,.,.,78.4,0.0
14407,13,113741656,C,T,ENSG00000126217,MCF2L,syn,p.P825P,-0.581,T,.,63.0,0.8
14118,3,127334731,C,A,ENSG00000073111,MCM2,syn,p.I485I,-0.847,T,.,91.7,0.51
11775,21,47687021,C,T,ENSG00000160294,MCM3AP,syn,p.A888A,.,.,1.74E-05,77.2,0.84
12907,17,60060307,C,T,ENSG00000108510,MED13,syn,p.R1019R,.,.,.,80.7,1.0
11284,1,156450725,G,A,ENSG00000116604,MEF2D,syn,p.P99P,.,.,2.50E-05,93.5,1.0
14684,14,45693468,T,C,ENSG00000129534,MIS18BP1,syn,p.E774E,.,.,.,62.3,0.0
14460,6,53986370,A,C,ENSG00000146147,MLIP,syn,p.S63S,.,.,.,81.9,0.0
13306,16,3100426,G,A,ENSG00000008516,MMP25,syn,p.Q180Q,.,.,.,23.0,0.0
SSC06128,11,102586117,A,G,ENSG00000118113,MMP8,syn,p.I295I,-0.974,T,.,15.1,0.0
13795,7,100844115,C,T,ENSG00000106384,MOGAT3,syn,p.L7L,.,.,.,,
14598,11,58979679,G,A,ENSG00000197629,MPEG1,syn,p.H220H,.,.,.,35.1,0.0
14619,16,129450,G,A,ENSG00000103152,MPG,syn,p.K22K,.,.,.,50.2,0.0
11358,11,60531221,C,T,ENSG00000166961,MS4A15,syn,p.P5P,.,.,8.30E-06,0.0,0.04
14549,16,818664,G,A,ENSG00000102854,MSLN,syn,p.T600T,.,.,7.58E-05,56.0,0.0
11722,7,91503940,C,T,ENSG00000127989,MTERF,syn,p.R36R,.,.,.,36.9,0.0
SSC05042,19,9087117,G,A,ENSG00000181143,MUC16,syn,p.H1566H,.,.,5.80E-05,37.2,
11062,7,100684786,T,G,ENSG00000169876,MUC17,syn,p.T3363T,.,.,.,0.0,
13893,11,1268763,G,A,ENSG00000117983,MUC5B,syn,p.S3551S,.,.,8.39E-06,30.6,1.0
SSC06214,11,1258166,C,T,ENSG00000117983,MUC5B,syn,p.C1023C,.,.,8.56E-05,30.6,1.0
14394,14,23858187,C,T,ENSG00000197616,MYH6,syn,p.E1352E,.,.,8.26E-06,100.0,0.0
SSC08112,17,10312852,C,T,ENSG00000133020,MYH8,syn,p.T547T,.,.,2.47E-05,53.1,0.0
11417,6,16145254,A,T,ENSG00000007944,MYLIP,syn,p.T318T,.,.,.,50.4,0.02
11673,8,144657594,G,A,ENSG00000147813,NAPRT1,syn,p.D430D,.,.,2.52E-05,35.8,0.0
11372,1,147580909,C,T,ENSG00000203836,NBPF24,syn,p.E682E,.,.,.,,
SSC08179,11,77784111,C,G,ENSG00000151366,NDUFC2,syn,p.L81L,.,.,.,95.5,0.63
12602,2,152548841,T,A,ENSG00000183091,NEB,syn,p.A644A,.,.,.,39.1,0.0
13171,2,152544812,C,T,ENSG00000183091,NEB,syn,p.L803L,.,.,.,39.1,0.0
11835,17,46128663,C,A,ENSG00000082641,NFE2L1,syn,p.T61T,.,.,.,97.1,1.0
14161,2,122486098,C,T,ENSG00000155438,NIFK,syn,p.T193T,.,.,8.66E-06,70.8,0.0
13954,5,156899539,G,A,ENSG00000172548,NIPAL4,syn,p.P324P,.,.,8.28E-06,48.4,0.0
SSC08049,X,5821174,G,A,ENSG00000146938,NLGN4X,syn,p.N515N,.,.,2.28E-05,,
12687,11,114168803,G,A,ENSG00000166741,NNMT,syn,p.E95E,.,.,.,24.9,0.0
13952,16,69786189,T,C,ENSG00000141101,NOB1,syn,p.E94E,.,.,.,69.0,0.0
12347,1,161200934,A,G,ENSG00000143257,NR1I3,syn,p.L262L,.,.,.,47.9,0.0
13169,7,129357157,C,T,ENSG00000106459,NRF1,syn,p.A388A,.,.,8.25E-06,62.6,1.0
11537,3,196387177,G,A,ENSG00000174004,NRROS,syn,p.V221V,.,.,.,39.1,0.46
13829,1,86822196,C,T,ENSG00000122417,ODF2L,syn,p.Q483Q,.,.,.,46.1,0.0
11164,9,127549361,T,C,ENSG00000185585,OLFML2A,syn,p.S66S,.,.,.,31.0,0.0
14163,8,145113905,C,T,ENSG00000178814,OPLAH,syn,p.A147A,.,.,.,69.9,0.0
SSC05185,1,158390015,G,A,ENSG00000180708,OR10K2,syn,p.I214I,.,.,.,0.0,0.0
14336,11,55322787,C,A,ENSG00000181939,OR4C15,syn,p.L335L,.,.,.,0.0,0.0
13627,11,55587765,G,A,ENSG00000186119,OR5D18,syn,p.A220A,.,.,1.65E-05,0.0,0.0
13040,11,7846683,G,A,ENSG00000182334,OR5P3,syn,p.T279T,.,.,3.30E-05,0.0,0.62
13948,12,55759719,C,T,ENSG00000187857,OR6C75,syn,p.L275L,.,.,.,0.0,0.05
SSC05878,7,142723844,A,G,ENSG00000179468,OR9A2,syn,p.L126L,.,.,.,0.0,0.0
13967,11,3115506,C,T,ENSG00000021762,OSBPL5,syn,p.A560A,.,.,5.88E-05,78.8,0.0
SSC05109,2,26696934,C,T,ENSG00000115155,OTOF,syn,p.P1111P,.,.,8.35E-06,26.8,0.0
14293,17,3801303,C,T,ENSG00000108405,P2RX1,syn,p.A378A,.,.,5.77E-05,28.6,0.0
SSC06017,4,135121559,A,G,ENSG00000254535,PABPC4L,syn,p.L264L,.,.,.,46.0,0.22
12692,19,19681518,G,A,ENSG00000105717,PBX4,syn,p.A106A,.,.,8.24E-06,27.0,0.01
11800,5,140237634,G,C,ENSG00000250120,PCDHA10,syn,p.S667S,.,.,.,,
14101,3,33908011,G,A,ENSG00000170248,PDCD6IP,syn,p.Q867Q,.,.,.,90.9,0.75
13944,12,20522435,C,T,ENSG00000172572,PDE3A,syn,p.L73L,.,.,.,51.4,0.11
13984,12,133297372,G,A,ENSG00000247077,PGAM5,syn,p.G275G,.,.,.,63.0,0.04
14043,1,33795807,G,A,ENSG00000134686,PHC2,syn,p.N670N,.,.,3.30E-05,84.3,0.21
SSC06632,7,11068421,G,C,ENSG00000106443,PHF14,syn,p.L477L,.,.,8.28E-06,71.7,0.21
13942,X,18912457,G,A,ENSG00000044446,PHKA2,syn,p.P1134P,.,.,0.0001,74.1,0.91
14279,16,71683230,G,A,ENSG00000040199,PHLPP2,syn,p.L1179L,.,.,8.24E-06,53.1,0.02
11979,16,88815817,G,A,ENSG00000103335,PIEZO1,syn,p.P45P,.,.,.,93.8,0.54
SSC04949,1,204438469,T,C,ENSG00000133056,PIK3C2B,syn,p.L154L,.,.,.,79.6,0.98
11855,22,28293829,A,G,ENSG00000180957,PITPNB,syn,p.F83F,.,.,.,89.9,0.97
14586,11,67265421,G,A,ENSG00000110697,PITPNM1,syn,p.T583T,.,.,5.11E-05,61.3,0.72
11232,5,108698618,C,T,ENSG00000198961,PJA2,syn,p.Q525Q,.,.,.,94.4,0.47
13943,19,49351271,C,T,ENSG00000105559,PLEKHA4,syn,p.L484L,.,.,.,37.2,0.0
SSC08440,14,69994036,G,A,ENSG00000175985,PLEKHD1,syn,p.V396V,.,.,4.99E-05,19.7,
14014,19,39912757,C,T,ENSG00000090924,PLEKHG2,syn,p.H502H,-0.885,T,2.77E-05,89.5,0.0
SSC08112,15,90213215,C,T,ENSG00000166819,PLIN1,syn,p.E198E,.,.,1.99E-05,15.7,0.0
13093,3,126730938,C,A,ENSG00000114554,PLXNA1,syn,p.G750G,.,.,.,87.2,1.0
12078,7,131895855,C,T,ENSG00000221866,PLXNA4,syn,p.E715E,.,.,4.52E-05,89.7,1.0
SSC05314,22,50728093,G,A,ENSG00000196576,PLXNB2,syn,p.P307P,.,.,2.55E-05,96.7,0.99
14335,19,7620502,G,A,ENSG00000032444,PNPLA6,syn,p.S944S,.,.,0.0001,68.6,0.0
14692,3,121206840,T,C,ENSG00000051341,POLQ,syn,p.L1646L,.,.,.,42.2,0.0
SSC06400,6,43487551,C,T,ENSG00000171453,POLR1C,syn,p.P119P,-0.942,T,.,70.9,0.0
12233,4,106317429,C,T,ENSG00000138777,PPA2,syn,p.K180K,.,.,.,73.9,0.0
14256,1,202531930,T,G,ENSG00000077157,PPP1R12B,syn,p.P844P,.,.,.,84.5,0.12
14619,9,138378306,G,A,ENSG00000196422,PPP1R26,syn,p.E650E,.,.,.,55.0,0.99
13879,2,242102789,C,T,ENSG00000115685,PPP1R7,syn,p.L229L,-0.845,T,8.24E-06,80.7,0.84
11284,1,45981331,T,C,ENSG00000117450,PRDX1,syn,p.L85L,.,.,.,94.0,0.0
14475,19,54387473,C,A,ENSG00000126583,PRKCG,syn,p.G87G,-0.937,T,.,29.3,1.0
13006,8,37635529,G,A,ENSG00000147471,PROSC,syn,p.T245T,-1.016,T,8.24E-06,74.1,0.3
11201,12,50030515,T,C,ENSG00000110844,PRPF40B,syn,p.D481D,.,.,.,78.7,0.99
SSC06184,19,43243156,G,A,ENSG00000221826,PSG3,syn,p.D50D,.,.,4.12E-05,30.8,0.0
SSC05717,2,54152703,G,T,ENSG00000068878,PSME4,syn,p.L594L,.,.,.,84.1,1.0
11391,3,46945068,C,T,ENSG00000160801,PTH1R,syn,p.C568C,.,.,.,65.4,0.74
14513,9,21015926,G,A,ENSG00000188921,PTPLAD2,syn,p.F118F,.,.,1.66E-05,42.9,0.0
14602,4,87684079,T,C,ENSG00000163629,PTPN13,syn,p.T1251T,.,.,.,78.5,0.0
SSC05939,1,214542900,C,T,ENSG00000152104,PTPN14,syn,p.K1057K,.,.,.,85.4,0.99
12197,17,57775154,G,A,ENSG00000141378,PTRH2,syn,p.S63S,.,.,.,75.7,0.34
11014,6,163836246,G,C,ENSG00000112531,QKI,syn,p.T7T,.,.,.,97.0,0.96
14005,1,220345992,C,T,ENSG00000118873,RAB3GAP2,syn,p.L801L,.,.,.,72.5,1.0
SSC06059,9,125852099,C,A,ENSG00000011454,RABGAP1,syn,p.A829A,.,.,.,85.6,1.0
13629,5,68710101,C,T,ENSG00000152942,RAD17,syn,p.Y665Y,.,.,.,65.1,0.01
12967,1,178866831,G,A,ENSG00000116191,RALGPS2,syn,p.L488L,-1.017,T,4.96E-05,79.0,0.92
12675,2,173916447,G,A,ENSG00000091428,RAPGEF4,syn,p.Q996Q,.,.,.,34.9,0.96
13623,5,130799835,A,G,ENSG00000158987,RAPGEF6,syn,p.Y798Y,.,.,1.65E-05,67.4,1.0
13934,1,110883029,G,A,ENSG00000162775,RBM15,syn,p.P334P,.,.,1.66E-05,54.5,1.0
12766,8,145736922,C,T,ENSG00000160957,RECQL4,syn,p.P1173P,.,.,5.98E-05,42.6,
14288,1,240976989,C,T,ENSG00000182901,RGS7,syn,p.P295P,.,.,1.65E-05,17.1,0.78
11382,1,240964755,C,T,ENSG00000182901,RGS7,syn,p.V471V,.,.,.,17.1,0.78
12007,1,182442891,C,T,ENSG00000121446,RGSL1,syn,p.Y215Y,.,.,.,0.0,
14680,16,112658,C,T,ENSG00000007384,RHBDF1,syn,p.P277P,.,.,4.12E-05,68.2,0.0
13681,16,109121,A,G,ENSG00000007384,RHBDF1,syn,p.L667L,.,.,.,68.2,0.0
11341,7,5781333,T,C,ENSG00000011275,RNF216,syn,p.S105S,.,.,.,77.4,0.41
11519,17,79427677,C,T,ENSG00000171282,RP11-1055B8.7,syn,p.N2049N,.,.,1.31E-05,81.2,1.0
14386,17,69451,G,A,ENSG00000181031,RPH3AL,syn,p.V230V,.,.,.,37.8,0.0
14503,9,19379608,G,A,ENSG00000137154,RPS6,syn,p.I5I,.,.,.,96.6,0.79
11676,20,17614231,C,G,ENSG00000125844,RRBP1,syn,p.R395R,.,.,.,99.3,0.0
SSC05847,13,23904276,C,T,ENSG00000151835,SACS,syn,p.X4580X,.,.,.,28.5,0.0
14368,20,50407792,G,A,ENSG00000101115,SALL4,syn,p.F410F,.,.,.,31.2,1.0
12619,7,92765186,G,A,ENSG00000177409,SAMD9L,syn,p.Y33Y,.,.,2.48E-05,32.9,0.0
14291,7,92764199,A,G,ENSG00000177409,SAMD9L,syn,p.D362D,.,.,.,32.9,0.0
11561,12,123808360,G,T,ENSG00000139697,SBNO1,syn,p.L663L,.,.,.,92.0,1.0
11897,19,1122998,T,C,ENSG00000064932,SBNO2,syn,p.T225T,.,.,8.77E-05,55.6,0.02
12134,2,167145151,C,T,ENSG00000169432,SCN9A,syn,p.T370T,.,.,9.33E-05,14.4,0.0
11046,8,144895265,G,A,ENSG00000180900,SCRIB,syn,p.L193L,.,.,.,84.3,0.91
11516,3,101060606,C,T,ENSG00000138468,SENP7,syn,p.A708A,.,.,1.66E-05,62.9,0.99
11892,14,95056550,G,A,ENSG00000188488,SERPINA5,syn,p.T264T,.,.,0.0001,0.0,0.05
SSC07004,1,28601365,G,A,ENSG00000130766,SESN2,syn,p.S350S,.,.,0.0002,40.9,0.0
SSC06636,1,150923868,T,C,ENSG00000143379,SETDB1,syn,p.T747T,.,.,.,80.3,1.0
11337,2,198266580,A,G,ENSG00000115524,SF3B1,syn,p.Y752Y,.,.,.,95.1,1.0
12271,1,149895599,C,T,ENSG00000143368,SF3B4,syn,p.P370P,.,.,3.02E-05,68.2,0.92
12246,1,27190426,G,A,ENSG00000175793,SFN,syn,p.E241E,.,.,.,22.9,0.49
13882,19,6753564,G,A,ENSG00000125731,SH2D3A,syn,p.D491D,.,.,.,,
SSC08278,11,70821018,C,G,ENSG00000162105,SHANK2,syn,p.L187L,.,.,.,29.2,1.0
SSC06182,2,45233411,C,T,ENSG00000170577,SIX2,syn,p.P258P,.,.,4.95E-05,22.0,0.87
14089,12,129294632,T,C,ENSG00000139370,SLC15A4,syn,p.Q289Q,.,.,2.47E-05,48.7,0.0
14204,12,16392664,G,T,ENSG00000188991,SLC15A5,syn,p.T371T,.,.,.,0.0,
SSC08018,12,16342605,T,C,ENSG00000188991,SLC15A5,syn,p.L579L,.,.,.,0.0,
11479,17,80194100,C,T,ENSG00000141526,SLC16A3,syn,p.Y72Y,.,.,2.51E-05,93.4,0.33
14275,5,138714322,C,T,ENSG00000170482,SLC23A1,syn,p.T379T,-0.932,T,2.18E-05,26.9,0.02
13912,15,65917327,C,T,ENSG00000074621,SLC24A1,syn,p.N303N,.,.,.,18.4,0.0
11381,10,18276412,C,T,ENSG00000148482,SLC39A12,syn,p.Y367Y,.,.,6.61E-05,10.3,0.0
14047,11,62653041,G,A,ENSG00000168003,SLC3A2,syn,p.G469G,0.966,D,8.24E-06,78.3,0.92
14361,4,72423497,T,C,ENSG00000080493,SLC4A4,syn,p.H944H,.,.,.,65.8,1.0
SSC06214,3,14513738,C,T,ENSG00000131389,SLC6A6,syn,p.Y475Y,.,.,.,89.4,0.98
11358,17,33806410,A,G,ENSG00000205045,SLFN12L,syn,p.S273S,.,.,.,31.5,0.0
14230,20,4163125,G,T,ENSG00000088826,SMOX,syn,p.S333S,.,.,.,63.0,0.84
12524,1,28282221,G,A,ENSG00000130768,SMPDL3B,syn,p.P239P,.,.,.,38.4,0.0
11792,11,57310235,G,A,ENSG00000214872,SMTNL1,syn,p.K40K,.,.,.,22.5,0.0
13912,2,96963411,T,C,ENSG00000144028,SNRNP200,syn,p.T389T,.,.,.,91.3,1.0
11595,16,50707839,C,T,ENSG00000167208,SNX20,syn,p.K143K,.,.,8.29E-06,29.3,0.0
12324,16,50707926,T,C,ENSG00000167208,SNX20,syn,p.E114E,.,.,.,29.3,0.0
12160,15,75949439,G,A,ENSG00000173548,SNX33,syn,p.Q536Q,.,.,.,59.5,0.01
13788,21,34924648,C,T,ENSG00000159140,SON,syn,p.Y1037Y,-0.792,T,1.65E-05,99.1,1.0
11502,9,84608199,C,T,ENSG00000214929,SPATA31D1,syn,p.S938S,.,.,.,20.0,0.0
11113,8,145086893,T,C,ENSG00000186583,SPATC1,syn,p.N70N,.,.,.,11.1,0.0
11336,5,169025515,C,T,ENSG00000040275,SPDL1,syn,p.V356V,.,.,.,58.4,0.0
11062,2,220338302,C,T,ENSG00000072195,SPEG,syn,p.S1408S,.,.,.,97.1,1.0
12700,19,41008160,A,G,ENSG00000160460,SPTBN4,syn,p.L341L,.,.,.,34.2,
11563,15,92981712,C,T,ENSG00000140557,ST8SIA2,syn,p.Y140Y,.,.,.,33.3,0.51
13048,X,67943847,G,A,ENSG00000130052,STARD8,syn,p.P1026P,.,.,2.30E-05,63.5,0.04
11324,15,42976989,A,G,ENSG00000159433,STARD9,syn,p.Q1071Q,.,.,.,60.9,
13915,12,56742977,G,C,ENSG00000170581,STAT2,syn,p.L466L,.,.,.,65.9,0.04
11099,2,120005377,C,T,ENSG00000115107,STEAP3,syn,p.P215P,.,.,8.38E-06,62.2,0.0
12261,11,63970987,T,C,ENSG00000168439,STIP1,syn,p.D484D,.,.,8.31E-06,95.2,1.0
12229,4,98902404,G,C,ENSG00000163116,STPG2,syn,p.L226L,.,.,.,0.0,0.0
SSC06037,6,33409079,T,C,ENSG00000197283,SYNGAP1,syn,p.G681G,.,.,.,22.5,1.0
14097,6,158484895,C,T,ENSG00000078269,SYNJ2,syn,p.I400I,.,.,4.96E-05,50.4,0.0
11544,1,59041944,C,G,ENSG00000184292,TACSTD2,syn,p.L295L,.,.,.,20.8,0.21
SSC06126,12,11244049,G,A,ENSG00000255374,TAS2R43,syn,p.V260V,.,.,0.00005096,0.0,0.0
11654,4,38037268,T,C,ENSG00000065882,TBC1D1,syn,p.C454C,-0.888,T,.,79.7,0.0
SSC06644,4,7016219,T,C,ENSG00000132405,TBC1D14,syn,p.N564N,.,.,.,66.1,0.91
11338,17,77984327,T,C,ENSG00000167291,TBC1D16,syn,p.K137K,.,.,.,92.6,0.01
SSC07486,X,48399823,T,C,ENSG00000068354,TBC1D25,syn,p.L76L,.,.,.,46.7,0.71
13888,5,179301925,G,A,ENSG00000197226,TBC1D9B,syn,p.G721G,.,.,8.34E-06,82.2,0.0
14540,6,35088753,G,A,ENSG00000124678,TCP11,syn,p.P153P,-1.038,T,8.24E-06,24.7,0.0
13720,1,45272266,C,T,ENSG00000188396,TCTEX1D4,syn,p.P25P,.,.,7.39E-05,20.0,0.21
13621,1,179609037,G,A,ENSG00000162782,TDRD5,syn,p.P528P,.,.,8.24E-06,19.2,0.98
12780,17,62291323,G,A,ENSG00000136478,TEX2,syn,p.P85P,.,.,1.65E-05,77.5,0.44
11634,7,100225019,G,C,ENSG00000106327,TFR2,syn,p.A621A,.,.,.,18.8,0.0
13855,X,122801088,T,C,ENSG00000125676,THOC2,syn,p.L353L,.,.,.,88.4,1.0
12646,17,38243055,G,A,ENSG00000126351,THRA,syn,p.P224P,.,.,4.94E-05,94.3,0.17
12211,3,9424941,T,C,ENSG00000134077,THUMPD3,syn,p.L395L,-0.817,T,6.59E-05,53.7,0.0
13804,12,56814652,C,T,ENSG00000111602,TIMELESS,syn,p.P1018P,.,.,.,71.0,0.0
11143,15,63089481,T,A,ENSG00000171914,TLN2,syn,p.A2038A,.,.,.,91.8,1.0
14360,1,205241186,G,C,ENSG00000133069,TMCC2,syn,p.L688L,.,.,2.47E-05,67.6,0.29
12324,1,20009872,G,C,ENSG00000162542,TMCO4,syn,p.T522T,.,.,.,41.9,0.0
11716,3,52874588,G,A,ENSG00000213533,TMEM110,syn,p.D269D,-0.884,T,0.00000827,46.8,0.9
13287,2,27256972,C,T,ENSG00000119777,TMEM214,syn,p.G63G,.,.,.,84.9,0.0
12161,14,57075985,A,G,ENSG00000070269,TMEM260,syn,p.E266E,.,.,.,52.8,0.0
11258,1,226037686,G,A,ENSG00000196187,TMEM63A,syn,p.A666A,.,.,5.77E-05,65.3,0.0
14328,1,156256064,C,T,ENSG00000163472,TMEM79,syn,p.Y257Y,-0.584,T,0.0007,30.9,0.0
SSC07220,3,48659010,G,T,ENSG00000183396,TMEM89,syn,p.G60G,.,.,.,0.0,0.71
11260,9,117810735,C,T,ENSG00000041982,TNC,syn,p.S1552S,.,.,.,65.5,0.0
13237,1,175087806,G,A,ENSG00000120332,TNN,syn,p.T832T,.,.,9.06E-05,15.7,0.0
SSC06511,1,175067644,C,T,ENSG00000120332,TNN,syn,p.L678L,.,.,.,15.7,0.0
12994,16,24801076,A,T,ENSG00000090905,TNRC6A,syn,p.P371P,.,.,.,93.3,1.0
14641,2,218713428,G,A,ENSG00000079308,TNS1,syn,p.H479H,.,.,1.65E-05,98.6,0.92
14362,16,1291194,T,G,ENSG00000172236,TPSAB1,syn,p.G34G,.,.,8.43E-06,17.5,0.0
14070,11,4621563,G,A,ENSG00000167333,TRIM68,syn,p.S467S,.,.,.,52.9,0.0
14339,5,135583284,C,T,ENSG00000069018,TRPC7,syn,p.G573G,-0.96,T,.,19.8,0.0
11651,X,107018422,C,A,ENSG00000157514,TSC22D3,syn,p.P76P,.,.,.,88.1,0.77
11597,2,166788316,T,A,ENSG00000123607,TTC21B,syn,p.P282P,.,.,.,58.8,0.0
12231,11,8118831,C,T,ENSG00000166402,TUB,syn,p.V303V,.,.,2.47E-05,26.7,0.47
11917,10,135094782,G,A,ENSG00000130640,TUBGCP2,syn,p.I884I,.,.,.,71.8,0.0
SSC07787,7,66474647,T,C,ENSG00000198874,TYW1,syn,p.D117D,.,.,.,49.0,0.0
13692,17,16285305,C,T,ENSG00000170315,UBB,syn,p.A28A,.,.,8.24E-06,,
13058,1,19453084,G,A,ENSG00000127481,UBR4,syn,p.C3098C,.,.,.,94.9,1.0
11909,19,17766754,C,T,ENSG00000130477,UNC13A,syn,p.T407T,.,.,4.66E-05,,
13875,21,33692861,A,G,ENSG00000142207,URB1,syn,p.I1858I,.,.,.,50.9,
13920,12,62708603,C,T,ENSG00000135655,USP15,syn,p.C127C,-0.368,T,.,82.9,0.99
14402,11,77920689,C,T,ENSG00000118369,USP35,syn,p.L596L,.,.,.,34.4,0.04
13335,17,56060512,G,A,ENSG00000136451,VEZF1,syn,p.H92H,.,.,6.59E-05,83.0,0.94
11143,13,52991204,C,T,ENSG00000136100,VPS36,syn,p.S326S,.,.,8.38E-05,69.6,0.1
13929,3,183955148,C,T,ENSG00000145198,VWA5B2,syn,p.L556L,.,.,.,22.4,0.35
14699,7,12428868,G,A,ENSG00000146530,VWDE,syn,p.F120F,.,.,.,0.0,
SSC05208,10,104572683,G,A,ENSG00000166272,WBP1L,syn,p.P208P,.,.,8.93E-06,88.2,0.91
14614,2,63719991,C,T,ENSG00000143951,WDPCP,syn,p.A53A,.,.,5.02E-05,38.6,0.0
14215,14,102661370,T,C,ENSG00000140153,WDR20,syn,p.S115S,.,.,.,66.1,0.94
SSC07568,1,224612338,G,A,ENSG00000162923,WDR26,syn,p.L216L,.,.,.,94.6,1.0
11180,3,49051816,G,A,ENSG00000178252,WDR6,syn,p.R919R,.,.,.,92.3,0.0
12184,2,190323551,G,A,ENSG00000115368,WDR75,syn,p.T150T,.,.,4.95E-05,56.8,0.57
SSC07697,8,30938419,A,G,ENSG00000165392,WRN,syn,p.L292L,.,.,3.44E-05,47.1,0.0
11584,8,10756047,C,A,ENSG00000171044,XKR6,syn,p.T447T,-1.025,T,.,35.6,0.96
12385,X,128894535,C,T,ENSG00000122121,XPNPEP2,syn,p.L492L,.,.,.,27.5,0.0
13335,2,216992345,T,C,ENSG00000079246,XRCC5,syn,p.Y295Y,.,.,.,60.4,1.0
13928,11,10875290,A,G,ENSG00000236287,ZBED5,syn,p.Y401Y,.,.,.,,
SSC06182,3,101390194,T,C,ENSG00000066422,ZBTB11,syn,p.K186K,.,.,.,,
11946,4,4322863,C,T,ENSG00000168826,ZBTB49,syn,p.A706A,.,.,2.47E-05,39.4,0.01
12297,22,41735891,C,T,ENSG00000100403,ZC3H7B,syn,p.P296P,.,.,.,94.5,0.99
11933,14,68250041,C,T,ENSG00000072121,ZFYVE26,syn,p.P1276P,.,.,3.30E-05,62.6,0.0
11946,3,44611782,C,A,ENSG00000196345,ZKSCAN7,syn,p.R394R,.,.,.,32.6,0.0
13438,10,81058925,G,A,ENSG00000108175,ZMIZ1,syn,p.T595T,.,.,0.0001,92.4,1.0
13804,5,43161699,G,A,ENSG00000172262,ZNF131,syn,p.T240T,.,.,2.49E-05,60.6,1.0
SSC07629,16,58031609,G,A,ENSG00000166188,ZNF319,syn,p.P187P,.,.,1.66E-05,63.5,0.96
11773,12,6788149,C,T,ENSG00000126746,ZNF384,syn,p.T89T,.,.,2.47E-05,79.0,0.94
14224,3,21606120,G,A,ENSG00000151789,ZNF385D,syn,p.H74H,.,.,.,,
13807,19,57910087,C,T,ENSG00000188785,ZNF548,syn,p.H156H,.,.,.,,
14147,19,2834544,A,G,ENSG00000172006,ZNF554,syn,p.E437E,.,.,8.27E-06,,
14226,19,52395086,C,T,ENSG00000198093,ZNF649,syn,p.T101T,.,.,0.0001,,
SSC06180,1,249142541,G,A,ENSG00000171161,ZNF672,syn,p.V356V,.,.,.,56.9,0.0
14018,19,40580705,T,C,ENSG00000197782,ZNF780A,syn,p.R548R,.,.,.,34.1,0.0
SSC07834,5,60768572,C,T,ENSG00000130449,ZSWIM6,syn,p.N247N,.,.,.,56.2,0.33
